{
  "hash": "c0a48cb1",
  "configHash": "10fc811d",
  "lockfileHash": "f7c1280e",
  "browserHash": "bcb38c5f",
  "optimized": {
    "@angular/core": {
      "src": "../../../../../../node_modules/@angular/core/fesm2022/core.mjs",
      "file": "@angular_core.js",
      "fileHash": "f4586ec5",
      "needsInterop": false
    },
    "@angular/forms": {
      "src": "../../../../../../node_modules/@angular/forms/fesm2022/forms.mjs",
      "file": "@angular_forms.js",
      "fileHash": "8a63395b",
      "needsInterop": false
    },
    "@angular/platform-browser": {
      "src": "../../../../../../node_modules/@angular/platform-browser/fesm2022/platform-browser.mjs",
      "file": "@angular_platform-browser.js",
      "fileHash": "c4346013",
      "needsInterop": false
    },
    "@angular/router": {
      "src": "../../../../../../node_modules/@angular/router/fesm2022/router.mjs",
      "file": "@angular_router.js",
      "fileHash": "47b39760",
      "needsInterop": false
    },
    "rxjs": {
      "src": "../../../../../../node_modules/rxjs/dist/esm5/index.js",
      "file": "rxjs.js",
      "fileHash": "3fc9a7da",
      "needsInterop": false
    }
  },
  "chunks": {
    "chunk-LUXXZOBX": {
      "file": "chunk-LUXXZOBX.js"
    },
    "chunk-QO6UJGEE": {
      "file": "chunk-QO6UJGEE.js"
    },
    "chunk-FY26J54M": {
      "file": "chunk-FY26J54M.js"
    },
    "chunk-WEROPNAS": {
      "file": "chunk-WEROPNAS.js"
    }
  }
}